,tool,tshap_rf,eli5_rf,dalex_rf,ci_rf,skater_rf,lofo_rf
0,tshap_rf,1.0,0.4285714285714286,0.7714285714285715,0.4285714285714286,0.942857142857143,0.6
1,eli5_rf,0.4285714285714286,1.0,0.5428571428571429,1.0,0.48571428571428577,0.8857142857142858
2,dalex_rf,0.7714285714285715,0.5428571428571429,1.0,0.5428571428571429,0.7142857142857143,0.48571428571428577
3,ci_rf,0.4285714285714286,1.0,0.5428571428571429,1.0,0.48571428571428577,0.8857142857142858
4,skater_rf,0.942857142857143,0.48571428571428577,0.7142857142857143,0.48571428571428577,1.0,0.5428571428571429
5,lofo_rf,0.6,0.8857142857142858,0.48571428571428577,0.8857142857142858,0.5428571428571429,1.0
