,tool,tshap_rf,eli5_rf,dalex_rf,ci_rf,skater_rf,lofo_rf
0,tshap_rf,1.0,-0.17792207792207793,0.4051948051948052,0.3922077922077922,-0.07272727272727272,0.11948051948051949
1,eli5_rf,-0.17792207792207793,1.0,0.029870129870129873,0.15584415584415584,-0.06493506493506493,-0.15194805194805194
2,dalex_rf,0.4051948051948052,0.029870129870129873,1.0,-0.007792207792207793,-0.14285714285714285,0.10389610389610389
3,ci_rf,0.3922077922077922,0.15584415584415584,-0.007792207792207793,1.0,-0.16753246753246753,-0.274025974025974
4,skater_rf,-0.07272727272727272,-0.06493506493506493,-0.14285714285714285,-0.16753246753246753,1.0,-0.023376623376623374
5,lofo_rf,0.11948051948051949,-0.15194805194805194,0.10389610389610389,-0.274025974025974,-0.023376623376623374,1.0
