,tool,tshap_gb,eli5_gb,dalex_gb,ci_gb,skater_gb,lofo_gb
0,tshap_gb,0.9999999999999999,0.11569464201043148,-0.35775248933143666,0.38359412043622565,0.2605500237079184,0.03413940256045519
1,eli5_gb,0.11569464201043148,0.9999999999999999,-0.04291133238501659,0.225936462778568,0.2657657657657657,-0.0260787102892366
2,dalex_gb,-0.35775248933143666,-0.04291133238501659,0.9999999999999999,-0.09222380275011853,0.02394499762920815,0.13063063063063063
3,ci_gb,0.38359412043622565,0.225936462778568,-0.09222380275011853,0.9999999999999999,0.15291607396870552,0.11688003793266949
4,skater_gb,0.2605500237079184,0.2657657657657657,0.02394499762920815,0.15291607396870552,0.9999999999999999,0.24063537221431955
5,lofo_gb,0.03413940256045519,-0.0260787102892366,0.13063063063063063,0.11688003793266949,0.24063537221431955,0.9999999999999999
