,tool,tshap_gb,eli5_gb,dalex_gb,ci_gb,skater_gb,lofo_gb
0,tshap_gb,1.0,0.012612612612612614,0.08931788931788934,0.054826254826254826,-0.002574002574002574,0.17812097812097816
1,eli5_gb,0.012612612612612614,1.0,0.24684684684684685,-0.005405405405405406,-0.35341055341055344,0.26975546975546977
2,dalex_gb,0.08931788931788934,0.24684684684684685,1.0,-0.0362934362934363,0.004375804375804376,0.23603603603603607
3,ci_gb,0.054826254826254826,-0.005405405405405406,-0.0362934362934363,1.0,0.09806949806949808,-0.03371943371943372
4,skater_gb,-0.002574002574002574,-0.35341055341055344,0.004375804375804376,0.09806949806949808,1.0,-0.08519948519948521
5,lofo_gb,0.17812097812097816,0.26975546975546977,0.23603603603603607,-0.03371943371943372,-0.08519948519948521,1.0
