,tool,tshap_gb,eli5_gb,dalex_gb,ci_gb,skater_gb,lofo_gb
0,tshap_gb,1.0,0.13292581272575718,0.01844956932481245,0.059016393442622966,0.17204779105307033,-0.2514031675465408
1,eli5_gb,0.13292581272575718,1.0,0.16376771325368158,0.01294804112253404,0.0594053903862184,-0.08052236732425674
2,dalex_gb,0.01844956932481245,0.16376771325368158,1.0,0.06190608502361769,-0.08846901917199224,0.1899416504584607
3,ci_gb,0.059016393442622966,0.01294804112253404,0.06190608502361769,1.0,-0.06201722700750209,0.12181161433731594
4,skater_gb,0.17204779105307033,0.0594053903862184,-0.08846901917199224,-0.06201722700750209,1.0,0.01294804112253404
5,lofo_gb,-0.2514031675465408,-0.08052236732425674,0.1899416504584607,0.12181161433731594,0.01294804112253404,1.0
