,tool,tshap_gb,eli5_gb,dalex_gb,ci_gb,skater_gb,lofo_gb
0,tshap_gb,1.0,0.261904761904762,0.14285714285714288,-0.1666666666666667,0.14285714285714288,0.4047619047619048
1,eli5_gb,0.261904761904762,1.0,0.4047619047619048,0.09523809523809526,0.4047619047619048,0.5952380952380953
2,dalex_gb,0.14285714285714288,0.4047619047619048,1.0,0.6904761904761906,1.0,0.11904761904761905
3,ci_gb,-0.1666666666666667,0.09523809523809526,0.6904761904761906,1.0,0.6904761904761906,-0.4047619047619048
4,skater_gb,0.14285714285714288,0.4047619047619048,1.0,0.6904761904761906,1.0,0.11904761904761905
5,lofo_gb,0.4047619047619048,0.5952380952380953,0.11904761904761905,-0.4047619047619048,0.11904761904761905,1.0
