,tool,tshap_rf,eli5_rf,dalex_rf,ci_rf,skater_rf,lofo_rf
0,tshap_rf,1.0,0.1385298089909319,0.04624091581452184,0.16833879992282463,0.16679529230175574,0.04884558492507558
1,eli5_rf,0.1385298089909319,1.0,-0.15525114155251143,0.024374557849379384,-0.058460351147983806,-0.0929641777606277
2,dalex_rf,0.04624091581452184,-0.15525114155251143,1.0,0.017139365875619015,-0.12061868930477847,0.1191394945012541
3,ci_rf,0.16833879992282463,0.024374557849379384,0.017139365875619015,1.0,0.052736510386520045,0.0669817994726349
4,skater_rf,0.16679529230175574,-0.058460351147983806,-0.12061868930477847,0.052736510386520045,1.0,0.03929513151971188
5,lofo_rf,0.04884558492507558,-0.0929641777606277,0.1191394945012541,0.0669817994726349,0.03929513151971188,1.0
