,tool,tshap_gb,eli5_gb,dalex_gb,ci_gb,skater_gb,lofo_gb
0,tshap_gb,1.0,0.07091003370495205,0.06890070002592691,-0.09644801659320716,-0.12438423645320197,-0.15737619911848588
1,eli5_gb,0.07091003370495205,1.0,0.261602281565984,-0.10156857661394866,0.04375162043038631,0.026510241120041484
2,dalex_gb,0.06890070002592691,0.261602281565984,1.0,-0.22679543686803216,0.15413533834586468,-0.11193933108633654
3,ci_gb,-0.09644801659320716,-0.10156857661394866,-0.22679543686803216,1.0,-0.23936997666580248,0.2729452942701582
4,skater_gb,-0.12438423645320197,0.04375162043038631,0.15413533834586468,-0.23936997666580248,1.0,-0.17448794399792586
5,lofo_gb,-0.15737619911848588,0.026510241120041484,-0.11193933108633654,0.2729452942701582,-0.17448794399792586,1.0
