,tool,tshap_rf,eli5_rf,dalex_rf,ci_rf,skater_rf,lofo_rf
0,tshap_rf,1.0,0.16377005347593585,-0.02038770053475936,-0.12132352941176472,0.23930481283422458,0.23462566844919788
1,eli5_rf,0.16377005347593585,1.0,-0.017045454545454548,0.03743315508021391,0.01270053475935829,0.024064171122994655
2,dalex_rf,-0.02038770053475936,-0.017045454545454548,1.0,-0.004010695187165776,-0.26437165775401067,-0.002005347593582888
3,ci_rf,-0.12132352941176472,0.03743315508021391,-0.004010695187165776,1.0,0.05113636363636364,-0.20721925133689842
4,skater_rf,0.23930481283422458,0.01270053475935829,-0.26437165775401067,0.05113636363636364,1.0,-0.018048128342245992
5,lofo_rf,0.23462566844919788,0.024064171122994655,-0.002005347593582888,-0.20721925133689842,-0.018048128342245992,1.0
