,tool,tshap_rf,eli5_rf,dalex_rf,ci_rf,skater_rf,lofo_rf
0,tshap_rf,0.9999999999999999,0.27216690374585106,-0.012091038406827879,0.2382645803698435,0.5659080132764344,-0.24703651019440492
1,eli5_rf,0.27216690374585106,0.9999999999999999,0.11925082977714554,0.2548601232811759,0.07894736842105263,0.0993361782835467
2,dalex_rf,-0.012091038406827879,0.11925082977714554,0.9999999999999999,0.06804172593646277,0.04409672830725461,0.0028449502133712657
3,ci_rf,0.2382645803698435,0.2548601232811759,0.06804172593646277,0.9999999999999999,0.3416311047889995,-0.08060692271218588
4,skater_rf,0.5659080132764344,0.07894736842105263,0.04409672830725461,0.3416311047889995,0.9999999999999999,-0.22854433380749167
5,lofo_rf,-0.24703651019440492,0.0993361782835467,0.0028449502133712657,-0.08060692271218588,-0.22854433380749167,0.9999999999999999
