,tool,tshap_rf,eli5_rf,dalex_rf,ci_rf,skater_rf,lofo_rf
0,tshap_rf,1.0,0.18796992481203004,0.2646616541353383,0.2150375939849624,0.3969924812030075,0.05263157894736842
1,eli5_rf,0.18796992481203004,1.0,0.45563909774436084,0.13984962406015036,0.6180451127819548,-0.016541353383458645
2,dalex_rf,0.2646616541353383,0.45563909774436084,1.0,0.38796992481203,0.5383458646616541,0.13834586466165413
3,ci_rf,0.2150375939849624,0.13984962406015036,0.38796992481203,1.0,0.10977443609022557,0.09774436090225563
4,skater_rf,0.3969924812030075,0.6180451127819548,0.5383458646616541,0.10977443609022557,1.0,-0.3142857142857143
5,lofo_rf,0.05263157894736842,-0.016541353383458645,0.13834586466165413,0.09774436090225563,-0.3142857142857143,1.0
