,tool,tshap_gb,eli5_gb,dalex_gb,ci_gb,skater_gb,lofo_gb
0,tshap_gb,1.0,0.6481203007518795,0.24060150375939846,0.14285714285714285,0.6736842105263157,0.20150375939849624
1,eli5_gb,0.6481203007518795,1.0,0.26917293233082706,0.20751879699248119,0.41503759398496237,0.26766917293233083
2,dalex_gb,0.24060150375939846,0.26917293233082706,1.0,0.03308270676691729,-0.022556390977443608,0.030075187969924807
3,ci_gb,0.14285714285714285,0.20751879699248119,0.03308270676691729,1.0,0.33383458646616543,0.24511278195488717
4,skater_gb,0.6736842105263157,0.41503759398496237,-0.022556390977443608,0.33383458646616543,1.0,0.23157894736842105
5,lofo_gb,0.20150375939849624,0.26766917293233083,0.030075187969924807,0.24511278195488717,0.23157894736842105,1.0
