,tool,tshap_gb,eli5_gb,dalex_gb,ci_gb,skater_gb,lofo_gb
0,tshap_gb,1.0,0.4285714285714286,0.08571428571428573,0.3714285714285715,0.4285714285714286,0.2571428571428572
1,eli5_gb,0.4285714285714286,1.0,0.3714285714285715,0.7714285714285715,0.8857142857142858,0.3714285714285715
2,dalex_gb,0.08571428571428573,0.3714285714285715,1.0,-0.08571428571428573,0.48571428571428577,0.8285714285714287
3,ci_gb,0.3714285714285715,0.7714285714285715,-0.08571428571428573,1.0,0.4285714285714286,-0.14285714285714288
4,skater_gb,0.4285714285714286,0.8857142857142858,0.48571428571428577,0.4285714285714286,1.0,0.6571428571428573
5,lofo_gb,0.2571428571428572,0.3714285714285715,0.8285714285714287,-0.14285714285714288,0.6571428571428573,1.0
