,tool,tshap_gb,eli5_gb,dalex_gb,ci_gb,skater_gb,lofo_gb
0,tshap_gb,1.0,0.059288537549407126,0.27950310559006214,0.8577075098814231,0.6555618294748731,0.1609260304912479
1,eli5_gb,0.059288537549407126,1.0,-0.059288537549407126,0.101072840203275,0.2173913043478261,-0.07284020327498589
2,dalex_gb,0.27950310559006214,-0.059288537549407126,1.0,0.4025974025974026,0.0942970073404856,0.4240542066629024
3,ci_gb,0.8577075098814231,0.101072840203275,0.4025974025974026,1.0,0.6024844720496896,0.19480519480519481
4,skater_gb,0.6555618294748731,0.2173913043478261,0.0942970073404856,0.6024844720496896,1.0,0.0694522868435912
5,lofo_gb,0.1609260304912479,-0.07284020327498589,0.4240542066629024,0.19480519480519481,0.0694522868435912,1.0
