,tool,tshap_rf,eli5_rf,dalex_rf,ci_rf,skater_rf,lofo_rf
0,tshap_rf,1.0,0.2048582995951417,0.1062753036437247,0.4145748987854251,0.32165991902834007,-0.11578947368421054
1,eli5_rf,0.2048582995951417,1.0,0.019230769230769235,0.5036437246963563,0.25101214574898784,0.19008097165991905
2,dalex_rf,0.1062753036437247,0.019230769230769235,1.0,0.19068825910931173,-0.10809716599190285,0.009716599190283401
3,ci_rf,0.4145748987854251,0.5036437246963563,0.19068825910931173,1.0,0.04574898785425101,-0.031983805668016195
4,skater_rf,0.32165991902834007,0.25101214574898784,-0.10809716599190285,0.04574898785425101,1.0,0.2020242914979757
5,lofo_rf,-0.11578947368421054,0.19008097165991905,0.009716599190283401,-0.031983805668016195,0.2020242914979757,1.0
