,tool,tshap_rf,eli5_rf,dalex_rf,ci_rf,skater_rf,lofo_rf
0,tshap_rf,1.0,-0.4285714285714286,0.48571428571428577,0.028571428571428574,-0.4285714285714286,-0.08571428571428573
1,eli5_rf,-0.4285714285714286,1.0,-0.08571428571428573,0.6,1.0,0.48571428571428577
2,dalex_rf,0.48571428571428577,-0.08571428571428573,1.0,-0.48571428571428577,-0.08571428571428573,0.7714285714285715
3,ci_rf,0.028571428571428574,0.6,-0.48571428571428577,1.0,0.6,-0.2571428571428572
4,skater_rf,-0.4285714285714286,1.0,-0.08571428571428573,0.6,1.0,0.48571428571428577
5,lofo_rf,-0.08571428571428573,0.48571428571428577,0.7714285714285715,-0.2571428571428572,0.48571428571428577,1.0
