,tool,tshap_gb,eli5_gb,dalex_gb,ci_gb,skater_gb,lofo_gb
0,tshap_gb,1.0,1.0,1.0,0.19999999999999998,1.0,1.0
1,eli5_gb,1.0,1.0,1.0,0.19999999999999998,1.0,1.0
2,dalex_gb,1.0,1.0,1.0,0.19999999999999998,1.0,1.0
3,ci_gb,0.19999999999999998,0.19999999999999998,0.19999999999999998,1.0,0.19999999999999998,0.19999999999999998
4,skater_gb,1.0,1.0,1.0,0.19999999999999998,1.0,1.0
5,lofo_gb,1.0,1.0,1.0,0.19999999999999998,1.0,1.0
