,tool,tshap_gb,eli5_gb,dalex_gb,ci_gb,skater_gb,lofo_gb
0,tshap_gb,1.0,0.08571428571428572,-0.3220779220779221,0.16233766233766234,0.4974025974025974,-0.22857142857142856
1,eli5_gb,0.08571428571428572,1.0,0.025974025974025972,0.09090909090909091,-0.059740259740259746,0.23376623376623373
2,dalex_gb,-0.3220779220779221,0.025974025974025972,1.0,-0.18311688311688312,0.0025974025974025974,0.17272727272727273
3,ci_gb,0.16233766233766234,0.09090909090909091,-0.18311688311688312,1.0,0.01948051948051948,0.1753246753246753
4,skater_gb,0.4974025974025974,-0.059740259740259746,0.0025974025974025974,0.01948051948051948,1.0,-0.09090909090909091
5,lofo_gb,-0.22857142857142856,0.23376623376623373,0.17272727272727273,0.1753246753246753,-0.09090909090909091,1.0
