,tool,tshap_gb,eli5_gb,dalex_gb,ci_gb,skater_gb,lofo_gb
0,tshap_gb,1.0,0.48571428571428577,-0.4285714285714286,1.0,1.0,-0.08571428571428573
1,eli5_gb,0.48571428571428577,1.0,-0.08571428571428573,0.48571428571428577,0.48571428571428577,0.7714285714285715
2,dalex_gb,-0.4285714285714286,-0.08571428571428573,1.0,-0.4285714285714286,-0.4285714285714286,0.48571428571428577
3,ci_gb,1.0,0.48571428571428577,-0.4285714285714286,1.0,1.0,-0.08571428571428573
4,skater_gb,1.0,0.48571428571428577,-0.4285714285714286,1.0,1.0,-0.08571428571428573
5,lofo_gb,-0.08571428571428573,0.7714285714285715,0.48571428571428577,-0.08571428571428573,-0.08571428571428573,1.0
