,tool,tshap_gb,eli5_gb,dalex_gb,ci_gb,skater_gb,lofo_gb
0,tshap_gb,1.0,-0.19999999999999998,0.06666666666666667,0.3,0.06666666666666667,0.06666666666666667
1,eli5_gb,-0.19999999999999998,1.0,-0.06666666666666667,-0.5666666666666667,0.33333333333333337,0.13333333333333333
2,dalex_gb,0.06666666666666667,-0.06666666666666667,1.0,0.13333333333333333,0.06666666666666667,-0.6666666666666667
3,ci_gb,0.3,-0.5666666666666667,0.13333333333333333,1.0,-0.5,-0.03333333333333333
4,skater_gb,0.06666666666666667,0.33333333333333337,0.06666666666666667,-0.5,1.0,0.13333333333333333
5,lofo_gb,0.06666666666666667,0.13333333333333333,-0.6666666666666667,-0.03333333333333333,0.13333333333333333,1.0
