,tool,tshap_gb,eli5_gb,dalex_gb,ci_gb,skater_gb,lofo_gb
0,tshap_gb,0.9999999999999999,0.1650071123755334,-0.24039829302987195,-0.07159791370317686,0.2754860123281176,0.04646752015173067
1,eli5_gb,0.1650071123755334,0.9999999999999999,0.09767662399241346,0.02963489805595068,0.12422949265054528,0.08558558558558557
2,dalex_gb,-0.24039829302987195,0.09767662399241346,0.9999999999999999,0.09838786154575627,0.05595068752963489,-0.2171645329540066
3,ci_gb,-0.07159791370317686,0.02963489805595068,0.09838786154575627,0.9999999999999999,0.1733048838311996,-0.055002370791844474
4,skater_gb,0.2754860123281176,0.12422949265054528,0.05595068752963489,0.1733048838311996,0.9999999999999999,-0.007586533902323376
5,lofo_gb,0.04646752015173067,0.08558558558558557,-0.2171645329540066,-0.055002370791844474,-0.007586533902323376,0.9999999999999999
