,tool,tshap_rf,eli5_rf,dalex_rf,ci_rf,skater_rf,lofo_rf
0,tshap_rf,1.0,0.11724738675958188,-0.04477351916376308,-0.028222996515679447,0.08519163763066204,0.0818815331010453
1,eli5_rf,0.11724738675958188,1.0,-0.05505226480836238,-0.16324041811846693,0.006968641114982579,0.21428571428571433
2,dalex_rf,-0.04477351916376308,-0.05505226480836238,1.0,0.302439024390244,0.0013937282229965161,-0.22491289198606274
3,ci_rf,-0.028222996515679447,-0.16324041811846693,0.302439024390244,1.0,0.10923344947735193,-0.1595818815331011
4,skater_rf,0.08519163763066204,0.006968641114982579,0.0013937282229965161,0.10923344947735193,1.0,0.06184668989547039
5,lofo_rf,0.0818815331010453,0.21428571428571433,-0.22491289198606274,-0.1595818815331011,0.06184668989547039,1.0
