,tool,tshap_rf,eli5_rf,dalex_rf,ci_rf,skater_rf,lofo_rf
0,tshap_rf,1.0,0.18349885408708938,0.0964094728800611,0.016959511077158134,0.1893048128342246,0.10863254392666157
1,eli5_rf,0.18349885408708938,1.0,0.17677616501145912,0.2372803666921314,0.48907563025210077,-0.14255156608097783
2,dalex_rf,0.0964094728800611,0.17677616501145912,1.0,-0.10313216195569137,0.16241405653170357,-0.25836516424751715
3,ci_rf,0.016959511077158134,0.2372803666921314,-0.10313216195569137,1.0,0.15905271199388846,0.08113063407181054
4,skater_rf,0.1893048128342246,0.48907563025210077,0.16241405653170357,0.15905271199388846,1.0,-0.2718105423987777
5,lofo_rf,0.10863254392666157,-0.14255156608097783,-0.25836516424751715,0.08113063407181054,-0.2718105423987777,1.0
