,tool,tshap_rf,eli5_rf,dalex_rf,ci_rf,skater_rf,lofo_rf
0,tshap_rf,1.0,0.2642956376771326,-0.1996110030564046,0.2659071964434566,0.14820783550986388,-0.014281744929146988
1,eli5_rf,0.2642956376771326,1.0,0.30836343428730206,-0.026618505140316762,-0.14431786607390945,0.35037510419560997
2,dalex_rf,-0.1996110030564046,0.30836343428730206,1.0,-0.09113642678521813,0.04590163934426231,0.18766323978883026
3,ci_rf,0.2659071964434566,-0.026618505140316762,-0.09113642678521813,1.0,-0.10113920533481524,-0.21094748541261468
4,skater_rf,0.14820783550986388,-0.14431786607390945,0.04590163934426231,-0.10113920533481524,1.0,-0.05073631564323424
5,lofo_rf,-0.014281744929146988,0.35037510419560997,0.18766323978883026,-0.21094748541261468,-0.05073631564323424,1.0
