,tool,tshap_rf,eli5_rf,dalex_rf,ci_rf,skater_rf,lofo_rf
0,tshap_rf,0.9999999999999999,0.013513513513513513,0.0734945471787577,0.13134186818397342,0.3290659080132764,0.41251778093883346
1,eli5_rf,0.013513513513513513,0.9999999999999999,0.19108582266477003,0.23636794689426266,0.2731152204836415,0.5132764343290659
2,dalex_rf,0.0734945471787577,0.19108582266477003,0.9999999999999999,0.1386913229018492,-0.021337126600284494,0.1657183499288762
3,ci_rf,0.13134186818397342,0.23636794689426266,0.1386913229018492,0.9999999999999999,-0.11071597913703177,0.38786154575628257
4,skater_rf,0.3290659080132764,0.2731152204836415,-0.021337126600284494,-0.11071597913703177,0.9999999999999999,0.4587482219061166
5,lofo_rf,0.41251778093883346,0.5132764343290659,0.1657183499288762,0.38786154575628257,0.4587482219061166,0.9999999999999999
