,tool,tshap_gb,eli5_gb,dalex_gb,ci_gb,skater_gb,lofo_gb
0,tshap_gb,1.0,-0.36103896103896105,-0.08441558441558442,0.47792207792207797,0.015584415584415586,-0.1012987012987013
1,eli5_gb,-0.36103896103896105,1.0,0.3220779220779221,0.174025974025974,-0.3038961038961039,0.36103896103896105
2,dalex_gb,-0.08441558441558442,0.3220779220779221,1.0,0.05584415584415584,-0.28441558441558445,0.5337662337662338
3,ci_gb,0.47792207792207797,0.174025974025974,0.05584415584415584,1.0,0.08571428571428572,0.21038961038961035
4,skater_gb,0.015584415584415586,-0.3038961038961039,-0.28441558441558445,0.08571428571428572,1.0,-0.11168831168831168
5,lofo_gb,-0.1012987012987013,0.36103896103896105,0.5337662337662338,0.21038961038961035,-0.11168831168831168,1.0
