,tool,tshap_rf,eli5_rf,dalex_rf,ci_rf,skater_rf,lofo_rf
0,tshap_rf,1.0,0.27689914441275604,0.01724137931034483,0.31954887218045114,0.07181747472128597,-0.03480684469795178
1,eli5_rf,0.27689914441275604,1.0,-0.2054705729841846,0.07272491573761991,0.11116152450090745,0.08892921960072596
2,dalex_rf,0.01724137931034483,-0.2054705729841846,1.0,0.016593207155820588,0.25745397977702883,0.01886180969665543
3,ci_rf,0.31954887218045114,0.07272491573761991,0.016593207155820588,1.0,-0.09716100596318383,-0.3235675395385015
4,skater_rf,0.07181747472128597,0.11116152450090745,0.25745397977702883,-0.09716100596318383,1.0,0.0372698988851439
5,lofo_rf,-0.03480684469795178,0.08892921960072596,0.01886180969665543,-0.3235675395385015,0.0372698988851439,1.0
