,tool,tshap_rf,eli5_rf,dalex_rf,ci_rf,skater_rf,lofo_rf
0,tshap_rf,0.9999999999999999,0.09999999999999999,0.9999999999999999,0.09999999999999999,0.09999999999999999,0.3
1,eli5_rf,0.09999999999999999,0.9999999999999999,0.09999999999999999,0.9999999999999999,0.9999999999999999,0.8999999999999998
2,dalex_rf,0.9999999999999999,0.09999999999999999,0.9999999999999999,0.09999999999999999,0.09999999999999999,0.3
3,ci_rf,0.09999999999999999,0.9999999999999999,0.09999999999999999,0.9999999999999999,0.9999999999999999,0.8999999999999998
4,skater_rf,0.09999999999999999,0.9999999999999999,0.09999999999999999,0.9999999999999999,0.9999999999999999,0.8999999999999998
5,lofo_rf,0.3,0.8999999999999998,0.3,0.8999999999999998,0.8999999999999998,0.9999999999999999
