,tool,tshap_rf,eli5_rf,dalex_rf,ci_rf,skater_rf,lofo_rf
0,tshap_rf,1.0,1.0,1.0,0.19999999999999998,1.0,0.19999999999999998
1,eli5_rf,1.0,1.0,1.0,0.19999999999999998,1.0,0.19999999999999998
2,dalex_rf,1.0,1.0,1.0,0.19999999999999998,1.0,0.19999999999999998
3,ci_rf,0.19999999999999998,0.19999999999999998,0.19999999999999998,1.0,0.19999999999999998,1.0
4,skater_rf,1.0,1.0,1.0,0.19999999999999998,1.0,0.19999999999999998
5,lofo_rf,0.19999999999999998,0.19999999999999998,0.19999999999999998,1.0,0.19999999999999998,1.0
