,tool,tshap_rf,eli5_rf,dalex_rf,ci_rf,skater_rf,lofo_rf
0,tshap_rf,1.0,0.16929922135706338,-0.13370411568409346,0.21067853170189096,0.05050055617352613,-0.16751946607341492
1,eli5_rf,0.16929922135706338,1.0,-0.1243604004449388,-0.11946607341490545,0.1096774193548387,-0.018909899888765295
2,dalex_rf,-0.13370411568409346,-0.1243604004449388,1.0,-0.30589543937708563,0.3539488320355951,0.503448275862069
3,ci_rf,0.21067853170189096,-0.11946607341490545,-0.30589543937708563,1.0,0.0011123470522803117,-0.31701890989988873
4,skater_rf,0.05050055617352613,0.1096774193548387,0.3539488320355951,0.0011123470522803117,1.0,0.1439377085650723
5,lofo_rf,-0.16751946607341492,-0.018909899888765295,0.503448275862069,-0.31701890989988873,0.1439377085650723,1.0
