,tool,tshap_gb,eli5_gb,dalex_gb,ci_gb,skater_gb,lofo_gb
0,tshap_gb,1.0,1.0,0.7142857142857143,0.4285714285714286,0.48571428571428577,-0.3142857142857143
1,eli5_gb,1.0,1.0,0.7142857142857143,0.4285714285714286,0.48571428571428577,-0.3142857142857143
2,dalex_gb,0.7142857142857143,0.7142857142857143,1.0,0.6,0.028571428571428574,0.2
3,ci_gb,0.4285714285714286,0.4285714285714286,0.6,1.0,-0.2571428571428572,0.028571428571428574
4,skater_gb,0.48571428571428577,0.48571428571428577,0.028571428571428574,-0.2571428571428572,1.0,-0.14285714285714288
5,lofo_gb,-0.3142857142857143,-0.3142857142857143,0.2,0.028571428571428574,-0.14285714285714288,1.0
