,tool,tshap_gb,eli5_gb,dalex_gb,ci_gb,skater_gb,lofo_gb
0,tshap_gb,1.0,0.1785714285714286,0.8571428571428573,1.0,0.6785714285714287,0.07142857142857144
1,eli5_gb,0.1785714285714286,1.0,-0.10714285714285716,0.1785714285714286,-0.03571428571428572,-0.8214285714285715
2,dalex_gb,0.8571428571428573,-0.10714285714285716,1.0,0.8571428571428573,0.5357142857142858,0.42857142857142866
3,ci_gb,1.0,0.1785714285714286,0.8571428571428573,1.0,0.6785714285714287,0.07142857142857144
4,skater_gb,0.6785714285714287,-0.03571428571428572,0.5357142857142858,0.6785714285714287,1.0,0.28571428571428575
5,lofo_gb,0.07142857142857144,-0.8214285714285715,0.42857142857142866,0.07142857142857144,0.28571428571428575,1.0
