,tool,tshap_rf,eli5_rf,dalex_rf,ci_rf,skater_rf,lofo_rf
0,tshap_rf,0.9999999999999999,0.8999999999999998,-0.09999999999999999,-0.19999999999999998,0.8999999999999998,0.7
1,eli5_rf,0.8999999999999998,0.9999999999999999,0.0,-0.6,0.9999999999999999,0.39999999999999997
2,dalex_rf,-0.09999999999999999,0.0,0.9999999999999999,-0.09999999999999999,0.0,-0.09999999999999999
3,ci_rf,-0.19999999999999998,-0.6,-0.09999999999999999,0.9999999999999999,-0.6,0.3
4,skater_rf,0.8999999999999998,0.9999999999999999,0.0,-0.6,0.9999999999999999,0.39999999999999997
5,lofo_rf,0.7,0.39999999999999997,-0.09999999999999999,0.3,0.39999999999999997,0.9999999999999999
