,tool,tshap_rf,eli5_rf,dalex_rf,ci_rf,skater_rf,lofo_rf
0,tshap_rf,1.0,0.4666666666666666,0.13333333333333333,-0.09999999999999999,0.26666666666666666,0.5166666666666667
1,eli5_rf,0.4666666666666666,1.0,0.13333333333333333,-0.13333333333333333,-0.13333333333333333,-0.016666666666666666
2,dalex_rf,0.13333333333333333,0.13333333333333333,1.0,-0.5333333333333333,0.26666666666666666,0.25
3,ci_rf,-0.09999999999999999,-0.13333333333333333,-0.5333333333333333,1.0,-0.4666666666666666,-0.48333333333333334
4,skater_rf,0.26666666666666666,-0.13333333333333333,0.26666666666666666,-0.4666666666666666,1.0,0.35
5,lofo_rf,0.5166666666666667,-0.016666666666666666,0.25,-0.48333333333333334,0.35,1.0
