,tool,tshap_gb,eli5_gb,dalex_gb,ci_gb,skater_gb,lofo_gb
0,tshap_gb,1.0,0.2582869855394883,0.07230255839822024,0.30856507230255836,0.5274749721913237,0.020244716351501667
1,eli5_gb,0.2582869855394883,1.0,0.0843159065628476,0.41357063403781974,0.5492769744160179,0.09454949944382647
2,dalex_gb,0.07230255839822024,0.0843159065628476,1.0,-0.12258064516129033,-0.2582869855394883,-0.09632925472747497
3,ci_gb,0.30856507230255836,0.41357063403781974,-0.12258064516129033,1.0,0.4197997775305895,-0.10478309232480533
4,skater_gb,0.5274749721913237,0.5492769744160179,-0.2582869855394883,0.4197997775305895,1.0,0.03314794215795328
5,lofo_gb,0.020244716351501667,0.09454949944382647,-0.09632925472747497,-0.10478309232480533,0.03314794215795328,1.0
