,tool,tshap_rf,eli5_rf,dalex_rf,ci_rf,skater_rf,lofo_rf
0,tshap_rf,1.0,0.6190476190476191,0.9761904761904763,0.04761904761904763,0.14285714285714288,-0.4285714285714286
1,eli5_rf,0.6190476190476191,1.0,0.5952380952380953,0.4285714285714286,0.3333333333333334,0.14285714285714288
2,dalex_rf,0.9761904761904763,0.5952380952380953,1.0,0.1666666666666667,0.261904761904762,-0.38095238095238104
3,ci_rf,0.04761904761904763,0.4285714285714286,0.1666666666666667,1.0,0.9047619047619048,0.04761904761904763
4,skater_rf,0.14285714285714288,0.3333333333333334,0.261904761904762,0.9047619047619048,1.0,0.0
5,lofo_rf,-0.4285714285714286,0.14285714285714288,-0.38095238095238104,0.04761904761904763,0.0,1.0
