,tool,tshap_gb,eli5_gb,dalex_gb,ci_gb,skater_gb,lofo_gb
0,tshap_gb,1.0,0.7027027027027027,-0.20772200772200775,0.4290862290862292,0.6267696267696268,0.27670527670527667
1,eli5_gb,0.7027027027027027,1.0,-0.19510939510939512,0.44967824967824965,0.6694980694980697,0.2823680823680824
2,dalex_gb,-0.20772200772200775,-0.19510939510939512,1.0,-0.09961389961389963,-0.16653796653796654,-0.07722007722007723
3,ci_gb,0.4290862290862292,0.44967824967824965,-0.09961389961389963,1.0,0.5722007722007723,0.4308880308880309
4,skater_gb,0.6267696267696268,0.6694980694980697,-0.16653796653796654,0.5722007722007723,1.0,0.42676962676962676
5,lofo_gb,0.27670527670527667,0.2823680823680824,-0.07722007722007723,0.4308880308880309,0.42676962676962676,1.0
