,tool,tshap_gb,eli5_gb,dalex_gb,ci_gb,skater_gb,lofo_gb
0,tshap_gb,0.9999999999999999,0.04385964912280701,-0.10004741583688952,0.23541963015647227,0.0734945471787577,-0.33499288762446655
1,eli5_gb,0.04385964912280701,0.9999999999999999,-0.038643907064959696,0.056187766714082495,0.40422000948316733,-0.09601706970128022
2,dalex_gb,-0.10004741583688952,-0.038643907064959696,0.9999999999999999,-0.1853959222380275,-0.07562825983878615,-0.046704599336178286
3,ci_gb,0.23541963015647227,0.056187766714082495,-0.1853959222380275,0.9999999999999999,0.07278330962541488,0.05239449976292081
4,skater_gb,0.0734945471787577,0.40422000948316733,-0.07562825983878615,0.07278330962541488,0.9999999999999999,0.03556187766714082
5,lofo_gb,-0.33499288762446655,-0.09601706970128022,-0.046704599336178286,0.05239449976292081,0.03556187766714082,0.9999999999999999
