,tool,tshap_rf,eli5_rf,dalex_rf,ci_rf,skater_rf,lofo_rf
0,tshap_rf,0.9999999999999999,0.17472735893788524,-0.16666666666666663,0.234945471787577,0.24442863916548122,-0.24466571834992884
1,eli5_rf,0.17472735893788524,0.9999999999999999,0.0993361782835467,0.1477003319108582,0.3570412517780938,0.24348032242769083
2,dalex_rf,-0.16666666666666663,0.0993361782835467,0.9999999999999999,0.0040303461356092935,0.05666192508297771,0.010905642484589853
3,ci_rf,0.234945471787577,0.1477003319108582,0.0040303461356092935,0.9999999999999999,0.22356567093409196,-0.29065908013276437
4,skater_rf,0.24442863916548122,0.3570412517780938,0.05666192508297771,0.22356567093409196,0.9999999999999999,-0.029160739687055473
5,lofo_rf,-0.24466571834992884,0.24348032242769083,0.010905642484589853,-0.29065908013276437,-0.029160739687055473,0.9999999999999999
