,tool,tshap_rf,eli5_rf,dalex_rf,ci_rf,skater_rf,lofo_rf
0,tshap_rf,1.0,0.38461538461538464,0.6835164835164835,0.6703296703296703,0.3098901098901099,-0.08131868131868132
1,eli5_rf,0.38461538461538464,1.0,0.1032967032967033,0.4681318681318682,0.5428571428571429,-0.09010989010989012
2,dalex_rf,0.6835164835164835,0.1032967032967033,1.0,0.7362637362637363,-0.09010989010989012,0.12967032967032965
3,ci_rf,0.6703296703296703,0.4681318681318682,0.7362637362637363,1.0,0.2835164835164835,0.1032967032967033
4,skater_rf,0.3098901098901099,0.5428571428571429,-0.09010989010989012,0.2835164835164835,1.0,0.015384615384615385
5,lofo_rf,-0.08131868131868132,-0.09010989010989012,0.12967032967032965,0.1032967032967033,0.015384615384615385,1.0
