,tool,tshap_gb,eli5_gb,dalex_gb,ci_gb,skater_gb,lofo_gb
0,tshap_gb,1.0,0.414514896867838,0.05026737967914439,0.2779220779220779,0.0239877769289534,-0.04598930481283422
1,eli5_gb,0.414514896867838,1.0,0.09427043544690604,0.44323911382734904,0.25347593582887695,0.06768525592055004
2,dalex_gb,0.05026737967914439,0.09427043544690604,1.0,-0.15110771581359816,-0.056073338426279595,-0.07104660045836517
3,ci_gb,0.2779220779220779,0.44323911382734904,-0.15110771581359816,1.0,0.28189457601222306,0.040183346065699004
4,skater_gb,0.0239877769289534,0.25347593582887695,-0.056073338426279595,0.28189457601222306,1.0,0.025821237585943468
5,lofo_gb,-0.04598930481283422,0.06768525592055004,-0.07104660045836517,0.040183346065699004,0.025821237585943468,1.0
