,tool,tshap_rf,eli5_rf,dalex_rf,ci_rf,skater_rf,lofo_rf
0,tshap_rf,1.0,-0.2,0.6,0.14285714285714288,0.3714285714285715,-0.08571428571428573
1,eli5_rf,-0.2,1.0,-0.028571428571428574,-0.08571428571428573,0.6,0.6
2,dalex_rf,0.6,-0.028571428571428574,1.0,0.08571428571428573,0.6,-0.14285714285714288
3,ci_rf,0.14285714285714288,-0.08571428571428573,0.08571428571428573,1.0,0.3714285714285715,0.08571428571428573
4,skater_rf,0.3714285714285715,0.6,0.6,0.3714285714285715,1.0,0.6
5,lofo_rf,-0.08571428571428573,0.6,-0.14285714285714288,0.08571428571428573,0.6,1.0
