,tool,tshap_rf,eli5_rf,dalex_rf,ci_rf,skater_rf,lofo_rf
0,tshap_rf,1.0,0.7619047619047621,-0.38095238095238104,0.2142857142857143,-0.11904761904761905,0.07142857142857144
1,eli5_rf,0.7619047619047621,1.0,-0.5952380952380953,0.4285714285714286,-0.4523809523809524,0.38095238095238104
2,dalex_rf,-0.38095238095238104,-0.5952380952380953,1.0,-0.6190476190476191,0.880952380952381,-0.19047619047619052
3,ci_rf,0.2142857142857143,0.4285714285714286,-0.6190476190476191,1.0,-0.6428571428571429,-0.19047619047619052
4,skater_rf,-0.11904761904761905,-0.4523809523809524,0.880952380952381,-0.6428571428571429,1.0,-0.07142857142857144
5,lofo_rf,0.07142857142857144,0.38095238095238104,-0.19047619047619052,-0.19047619047619052,-0.07142857142857144,1.0
