,tool,tshap_gb,eli5_gb,dalex_gb,ci_gb,skater_gb,lofo_gb
0,tshap_gb,0.9999999999999999,0.309090909090909,0.04242424242424241,0.6848484848484848,0.6606060606060605,0.5393939393939393
1,eli5_gb,0.309090909090909,0.9999999999999999,-0.09090909090909088,0.28484848484848485,0.309090909090909,-0.06666666666666665
2,dalex_gb,0.04242424242424241,-0.09090909090909088,0.9999999999999999,0.309090909090909,-0.22424242424242422,-0.18787878787878787
3,ci_gb,0.6848484848484848,0.28484848484848485,0.309090909090909,0.9999999999999999,0.5151515151515151,-0.01818181818181818
4,skater_gb,0.6606060606060605,0.309090909090909,-0.22424242424242422,0.5151515151515151,0.9999999999999999,0.6363636363636362
5,lofo_gb,0.5393939393939393,-0.06666666666666665,-0.18787878787878787,-0.01818181818181818,0.6363636363636362,0.9999999999999999
