,tool,tshap_gb,eli5_gb,dalex_gb,ci_gb,skater_gb,lofo_gb
0,tshap_gb,1.0,-0.03294723294723295,-0.14723294723294725,-0.1274131274131274,-0.13899613899613902,0.1462033462033462
1,eli5_gb,-0.03294723294723295,1.0,0.2736164736164736,0.23371943371943374,-0.09111969111969112,-0.023423423423423427
2,dalex_gb,-0.14723294723294725,0.2736164736164736,1.0,-0.20180180180180182,0.12612612612612614,-0.32972972972972975
3,ci_gb,-0.1274131274131274,0.23371943371943374,-0.20180180180180182,1.0,-0.2046332046332047,-0.14723294723294725
4,skater_gb,-0.13899613899613902,-0.09111969111969112,0.12612612612612614,-0.2046332046332047,1.0,0.08442728442728444
5,lofo_gb,0.1462033462033462,-0.023423423423423427,-0.32972972972972975,-0.14723294723294725,0.08442728442728444,1.0
