,tool,tshap_rf,eli5_rf,dalex_rf,ci_rf,skater_rf,lofo_rf
0,tshap_rf,1.0,-0.14285714285714288,-0.03571428571428572,1.0,0.6785714285714287,0.1785714285714286
1,eli5_rf,-0.14285714285714288,1.0,0.4642857142857144,-0.14285714285714288,0.07142857142857144,-0.42857142857142866
2,dalex_rf,-0.03571428571428572,0.4642857142857144,1.0,-0.03571428571428572,-0.5714285714285715,0.0
3,ci_rf,1.0,-0.14285714285714288,-0.03571428571428572,1.0,0.6785714285714287,0.1785714285714286
4,skater_rf,0.6785714285714287,0.07142857142857144,-0.5714285714285715,0.6785714285714287,1.0,-0.03571428571428572
5,lofo_rf,0.1785714285714286,-0.42857142857142866,0.0,0.1785714285714286,-0.03571428571428572,1.0
