,tool,tshap_rf,eli5_rf,dalex_rf,ci_rf,skater_rf,lofo_rf
0,tshap_rf,0.9999999999999999,0.9999999999999999,-0.22424242424242422,0.01818181818181818,0.9999999999999999,0.12727272727272726
1,eli5_rf,0.9999999999999999,0.9999999999999999,-0.22424242424242422,0.01818181818181818,0.9999999999999999,0.12727272727272726
2,dalex_rf,-0.22424242424242422,-0.22424242424242422,0.9999999999999999,0.2121212121212121,-0.22424242424242422,-0.2606060606060606
3,ci_rf,0.01818181818181818,0.01818181818181818,0.2121212121212121,0.9999999999999999,0.01818181818181818,0.01818181818181818
4,skater_rf,0.9999999999999999,0.9999999999999999,-0.22424242424242422,0.01818181818181818,0.9999999999999999,0.12727272727272726
5,lofo_rf,0.12727272727272726,0.12727272727272726,-0.2606060606060606,0.01818181818181818,0.12727272727272726,0.9999999999999999
