,tool,tshap_gb,eli5_gb,dalex_gb,ci_gb,skater_gb,lofo_gb
0,tshap_gb,1.0,-0.09523809523809526,0.5476190476190477,-0.3333333333333334,0.2380952380952381,-0.8333333333333335
1,eli5_gb,-0.09523809523809526,1.0,-0.023809523809523815,0.6428571428571429,-0.38095238095238104,-0.023809523809523815
2,dalex_gb,0.5476190476190477,-0.023809523809523815,1.0,0.19047619047619052,0.7380952380952381,-0.523809523809524
3,ci_gb,-0.3333333333333334,0.6428571428571429,0.19047619047619052,1.0,-0.023809523809523815,0.0
4,skater_gb,0.2380952380952381,-0.38095238095238104,0.7380952380952381,-0.023809523809523815,1.0,0.0
5,lofo_gb,-0.8333333333333335,-0.023809523809523815,-0.523809523809524,0.0,0.0,1.0
