,tool,tshap_gb,eli5_gb,dalex_gb,ci_gb,skater_gb,lofo_gb
0,tshap_gb,1.0,0.014982578397212546,0.008013937282229967,0.0815331010452962,-0.018118466898954706,0.20853658536585368
1,eli5_gb,0.014982578397212546,1.0,-0.2841463414634147,0.02125435540069687,-0.04059233449477353,-0.19790940766550527
2,dalex_gb,0.008013937282229967,-0.2841463414634147,1.0,0.10731707317073172,0.18571428571428575,0.06289198606271779
3,ci_gb,0.0815331010452962,0.02125435540069687,0.10731707317073172,1.0,0.0036585365853658547,0.21027874564459934
4,skater_gb,-0.018118466898954706,-0.04059233449477353,0.18571428571428575,0.0036585365853658547,1.0,0.3588850174216029
5,lofo_gb,0.20853658536585368,-0.19790940766550527,0.06289198606271779,0.21027874564459934,0.3588850174216029,1.0
