,tool,tshap_gb,eli5_gb,dalex_gb,ci_gb,skater_gb,lofo_gb
0,tshap_gb,1.0,0.4153846153846154,0.7230769230769231,0.2835164835164835,0.39780219780219783,0.5472527472527472
1,eli5_gb,0.4153846153846154,1.0,0.4153846153846154,0.45054945054945056,0.26153846153846155,0.7098901098901099
2,dalex_gb,0.7230769230769231,0.4153846153846154,1.0,0.389010989010989,0.5032967032967033,0.5120879120879122
3,ci_gb,0.2835164835164835,0.45054945054945056,0.389010989010989,1.0,-0.3142857142857143,0.1032967032967033
4,skater_gb,0.39780219780219783,0.26153846153846155,0.5032967032967033,-0.3142857142857143,1.0,0.6747252747252748
5,lofo_gb,0.5472527472527472,0.7098901098901099,0.5120879120879122,0.1032967032967033,0.6747252747252748,1.0
