,tool,tshap_gb,eli5_gb,dalex_gb,ci_gb,skater_gb,lofo_gb
0,tshap_gb,1.0,0.10602910602910603,0.4113141481562534,0.01717912244228034,0.1476091476091476,0.053944632892001305
1,eli5_gb,0.10602910602910603,1.0,0.3795820111609585,-0.12309880730933362,0.16708611445453553,0.1086552139183718
2,dalex_gb,0.4113141481562534,0.3795820111609585,1.0,0.14213808950651058,-0.006455848561111719,0.10296531349162928
3,ci_gb,0.01717912244228034,-0.12309880730933362,0.14213808950651058,1.0,0.2012255170149907,-0.15220483641536273
4,skater_gb,0.1476091476091476,0.16708611445453553,-0.006455848561111719,0.2012255170149907,1.0,0.11346974504869242
5,lofo_gb,0.053944632892001305,0.1086552139183718,0.10296531349162928,-0.15220483641536273,0.11346974504869242,1.0
