,tool,tshap_gb,eli5_gb,dalex_gb,ci_gb,skater_gb,lofo_gb
0,tshap_gb,1.0,0.7999999999999999,0.6000000000000001,-0.39999999999999997,-0.7999999999999999,1.0
1,eli5_gb,0.7999999999999999,1.0,0.7999999999999999,-0.19999999999999998,-0.39999999999999997,0.7999999999999999
2,dalex_gb,0.6000000000000001,0.7999999999999999,1.0,0.39999999999999997,0.0,0.6000000000000001
3,ci_gb,-0.39999999999999997,-0.19999999999999998,0.39999999999999997,1.0,0.7999999999999999,-0.39999999999999997
4,skater_gb,-0.7999999999999999,-0.39999999999999997,0.0,0.7999999999999999,1.0,-0.7999999999999999
5,lofo_gb,1.0,0.7999999999999999,0.6000000000000001,-0.39999999999999997,-0.7999999999999999,1.0
