,tool,tshap_gb,eli5_gb,dalex_gb,ci_gb,skater_gb,lofo_gb
0,tshap_gb,1.0,0.0706766917293233,0.3924812030075188,0.29473684210526313,0.7714285714285714,-0.009022556390977442
1,eli5_gb,0.0706766917293233,1.0,-0.12180451127819547,-0.016541353383458645,0.1639097744360902,-0.24360902255639094
2,dalex_gb,0.3924812030075188,-0.12180451127819547,1.0,-0.10375939849624059,0.33383458646616543,0.03157894736842105
3,ci_gb,0.29473684210526313,-0.016541353383458645,-0.10375939849624059,1.0,0.2045112781954887,0.556390977443609
4,skater_gb,0.7714285714285714,0.1639097744360902,0.33383458646616543,0.2045112781954887,1.0,-0.03609022556390977
5,lofo_gb,-0.009022556390977442,-0.24360902255639094,0.03157894736842105,0.556390977443609,-0.03609022556390977,1.0
