,tool,tshap_rf,eli5_rf,dalex_rf,ci_rf,skater_rf,lofo_rf
0,tshap_rf,1.0,0.2087912087912088,0.2967032967032967,0.5032967032967033,0.6307692307692307,0.3494505494505495
1,eli5_rf,0.2087912087912088,1.0,0.0857142857142857,-0.367032967032967,0.5648351648351648,0.2087912087912088
2,dalex_rf,0.2967032967032967,0.0857142857142857,1.0,0.39780219780219783,0.5912087912087912,0.13406593406593406
3,ci_rf,0.5032967032967033,-0.367032967032967,0.39780219780219783,1.0,0.27912087912087913,0.3054945054945055
4,skater_rf,0.6307692307692307,0.5648351648351648,0.5912087912087912,0.27912087912087913,1.0,0.12087912087912088
5,lofo_rf,0.3494505494505495,0.2087912087912088,0.13406593406593406,0.3054945054945055,0.12087912087912088,1.0
