,tool,tshap_gb,eli5_gb,dalex_gb,ci_gb,skater_gb,lofo_gb
0,tshap_gb,1.0,0.2582869855394883,-0.12569521690767518,-0.08876529477196884,0.08031145717463849,0.06874304783092325
1,eli5_gb,0.2582869855394883,1.0,-0.010901001112347052,0.2560622914349277,0.038042269187986644,0.3388209121245828
2,dalex_gb,-0.12569521690767518,-0.010901001112347052,1.0,0.09232480533926585,0.3619577308120133,0.22758620689655173
3,ci_gb,-0.08876529477196884,0.2560622914349277,0.09232480533926585,1.0,0.2004449388209121,-0.026028921023359287
4,skater_gb,0.08031145717463849,0.038042269187986644,0.3619577308120133,0.2004449388209121,1.0,0.1870967741935484
5,lofo_gb,0.06874304783092325,0.3388209121245828,0.22758620689655173,-0.026028921023359287,0.1870967741935484,1.0
