,tool,tshap_rf,eli5_rf,dalex_rf,ci_rf,skater_rf,lofo_rf
0,tshap_rf,1.0,0.48901098901098894,0.0,0.34615384615384615,0.5164835164835164,-0.016483516483516484
1,eli5_rf,0.48901098901098894,1.0,0.5164835164835164,0.3516483516483516,0.7527472527472527,0.2087912087912088
2,dalex_rf,0.0,0.5164835164835164,1.0,-0.34615384615384615,0.33516483516483514,0.37912087912087916
3,ci_rf,0.34615384615384615,0.3516483516483516,-0.34615384615384615,1.0,0.13186813186813187,-0.2087912087912088
4,skater_rf,0.5164835164835164,0.7527472527472527,0.33516483516483514,0.13186813186813187,1.0,0.07692307692307691
5,lofo_rf,-0.016483516483516484,0.2087912087912088,0.37912087912087916,-0.2087912087912088,0.07692307692307691,1.0
