,tool,tshap_gb,eli5_gb,dalex_gb,ci_gb,skater_gb,lofo_gb
0,tshap_gb,1.0,0.07051900443758442,-0.059682294681329996,-0.08942697279567818,-0.11605247925911637,0.004180333140394881
1,eli5_gb,0.07051900443758442,1.0,-0.09826998520805198,-0.17788925332818833,0.2581838060325423,0.03778378030741527
2,dalex_gb,-0.059682294681329996,-0.09826998520805198,1.0,-0.03334619589684225,-0.022798893819538237,-0.045501318412759666
3,ci_gb,-0.08942697279567818,-0.17788925332818833,-0.03334619589684225,1.0,-0.06865393272879286,-0.10955688468711815
4,skater_gb,-0.11605247925911637,0.2581838060325423,-0.022798893819538237,-0.06865393272879286,1.0,-0.03331403948806998
5,lofo_gb,0.004180333140394881,0.03778378030741527,-0.045501318412759666,-0.10955688468711815,-0.03331403948806998,1.0
